date,open,high,low,exchange_rate,volume,dividends,stock splits,base_currency,quote_currency,pair,year,month,monthly_pct_change,yoy_pct_change,quarterly_volatility,annual_volatility,significant_move,ma_12_month,quarter,year_quarter
2011-05-01 00:00:00+01:00,16.691999435424805,17.0,16.608999252319336,16.70800018310547,0,0.0,0.0,USD,ETB,USD/ETB,2011,5,-0.28050719197399987,25.32253570645544,0.06636449675812758,1.391081766306159,False,15.74400003751119,2,2011-Q2
2011-06-01 00:00:00+01:00,16.709999084472656,16.916000366210938,16.538000106811523,16.76799964904785,0,0.0,0.0,USD,ETB,USD/ETB,2011,6,0.3591062083124319,25.18103080264702,0.031564358882827624,1.2010932836422967,False,16.025083303451538,2,2011-Q2
2011-07-01 00:00:00+01:00,16.757999420166016,17.047000885009766,16.70599937438965,16.70599937438965,0,0.0,0.0,USD,ETB,USD/ETB,2011,7,-0.36975355412608435,24.152786616298272,0.035232497325081005,0.8970723787862108,False,16.29591655731201,3,2011-Q3
2011-08-01 00:00:00+01:00,16.881999969482422,17.013999938964844,16.679000854492188,16.937999725341797,0,0.0,0.0,USD,ETB,USD/ETB,2011,8,1.3887247673898928,25.49455472233784,0.12011676460812977,0.2008518420810122,False,16.582666556040447,3,2011-Q3
2011-09-01 00:00:00+01:00,16.94300079345703,17.261999130249023,16.89699935913086,16.990999221801758,0,0.0,0.0,USD,ETB,USD/ETB,2011,9,0.3129029243085002,4.373732554537346,0.15157947447452746,0.2080280897546726,False,16.64199988047282,3,2011-Q3
2011-10-01 00:00:00+01:00,16.97800064086914,17.075000762939453,16.770999908447266,17.038000106811523,0,0.0,0.0,USD,ETB,USD/ETB,2011,10,0.27662225391344997,4.316414105200916,0.050030167750383776,0.21233532071369832,False,16.70074987411499,4,2011-Q4
2011-11-01 00:00:00+00:00,17.339000701904297,17.339000701904297,16.90399932861328,17.058000564575195,0,0.0,0.0,USD,ETB,USD/ETB,2011,11,0.1173873555481153,4.06930502391023,0.03439544891379577,0.2111782194730373,False,16.756333192189533,4,2011-Q4
2011-12-01 00:00:00+00:00,16.88800048828125,17.263999938964844,16.88800048828125,17.052000045776367,0,0.0,0.0,USD,ETB,USD/ETB,2011,12,-0.035177152070742235,3.7604967137871093,0.010263388228866147,0.20051113149652333,False,16.807833194732666,4,2011-Q4
2012-01-01 00:00:00+00:00,17.104000091552734,17.277999877929688,17.016000747680664,17.166000366210938,0,0.0,0.0,USD,ETB,USD/ETB,2012,1,0.6685451567472134,4.030064466790795,0.0641561070597694,0.19989461856128762,False,16.86324993769328,1,2012-Q1
2012-02-01 00:00:00+00:00,17.166000366210938,17.259000778198242,17.166000366210938,17.222000122070312,0,0.0,0.0,USD,ETB,USD/ETB,2012,2,0.3262248320208716,4.028993081238408,0.08663339584655005,0.19912221913658304,False,16.918833255767822,1,2012-Q1
2012-03-01 00:00:00+00:00,17.23200035095215,17.291000366210938,17.125999450683594,17.275999069213867,0,0.0,0.0,USD,ETB,USD/ETB,2012,3,0.3135463172732944,3.92203139047822,0.05500238420777419,0.20030934274449394,False,16.973166465759277,1,2012-Q1
2012-04-01 00:00:00+01:00,17.283000946044922,17.430999755859375,17.283000946044922,17.374000549316406,0,0.0,0.0,USD,ETB,USD/ETB,2012,4,0.5672695379868253,3.6944280486701286,0.07705442478954341,0.21794555693938375,False,17.024749914805096,2,2012-Q2
2012-05-01 00:00:00+01:00,17.32200050354004,17.60099983215332,17.30299949645996,17.538999557495117,0,0.0,0.0,USD,ETB,USD/ETB,2012,5,0.9496892077927477,4.973661511147975,0.13291489735817924,0.2391421340024715,False,17.0939998626709,2,2012-Q2
2012-06-01 00:00:00+01:00,17.493999481201172,17.761999130249023,17.341999053955078,17.503000259399414,0,0.0,0.0,USD,ETB,USD/ETB,2012,6,-0.20525285936460191,4.383352968362564,0.0867578501393694,0.24216165211045498,False,17.155249913533527,2,2012-Q2
2012-07-01 00:00:00+01:00,17.562999725341797,17.875,17.554000854492188,17.695999145507812,0,0.0,0.0,USD,ETB,USD/ETB,2012,7,1.1026617336919342,5.926013457392054,0.10262666169065691,0.2438281149436492,False,17.23774989446004,3,2012-Q3
2012-08-01 00:00:00+01:00,17.731000900268555,17.854000091552734,17.589000701904297,17.80699920654297,0,0.0,0.0,USD,ETB,USD/ETB,2012,8,0.6272607730280821,5.130472873376046,0.15383158727066354,0.27390082034348334,False,17.310166517893474,3,2012-Q3
2012-09-01 00:00:00+01:00,17.80900001525879,17.948999404907227,17.638999938964844,17.947999954223633,0,0.0,0.0,USD,ETB,USD/ETB,2012,9,0.7918276743049235,5.63239818876522,0.12629768537713648,0.30952766303427415,False,17.38991657892863,3,2012-Q3
2012-10-01 00:00:00+01:00,17.854999542236328,18.075000762939453,17.777000427246094,18.003000259399414,0,0.0,0.0,USD,ETB,USD/ETB,2012,10,0.30644253017639844,5.663811166441413,0.10109620594328352,0.3341618285223936,False,17.470333258310955,4,2012-Q4
2012-11-01 00:00:00+00:00,17.937000274658203,18.035999298095703,17.885000228881836,18.035999298095703,0,0.0,0.0,USD,ETB,USD/ETB,2012,11,0.1832974405422183,5.733372617840948,0.044455698259077484,0.3435851659320505,False,17.551833152770996,4,2012-Q4
2012-12-01 00:00:00+00:00,18.03499984741211,18.155000686645508,17.945999145507812,18.06599998474121,0,0.0,0.0,USD,ETB,USD/ETB,2012,12,0.1663378122257697,5.946516163750548,0.03151175216542953,0.33403998607943003,False,17.636333147684734,4,2012-Q4
2013-01-01 00:00:00+00:00,18.041000366210938,18.194000244140625,17.868999481201172,18.1200008392334,0,0.0,0.0,USD,ETB,USD/ETB,2013,1,0.2989087486870323,5.557500015555683,0.04256836148789726,0.32533734528498964,False,17.71583318710327,1,2013-Q1
2013-02-01 00:00:00+00:00,18.167999267578125,18.506999969482422,18.139999389648438,18.31800079345703,0,0.0,0.0,USD,ETB,USD/ETB,2013,2,1.0927149285496984,6.363956936582382,0.132680368902025,0.3279303618781019,False,17.807166576385498,1,2013-Q1
2013-03-01 00:00:00+00:00,18.243000030517578,18.48200035095215,17.76300048828125,18.283000946044922,0,0.0,0.0,USD,ETB,USD/ETB,2013,3,-0.19106805271353888,5.828906755532004,0.105670877422929,0.3078808171121838,False,17.891083399454754,1,2013-Q1
2013-04-01 00:00:00+01:00,18.283000946044922,18.509000778198242,18.142000198364258,18.267000198364258,0,0.0,0.0,USD,ETB,USD/ETB,2013,4,-0.087517075166621,5.139861982351479,0.02608343645885306,0.2780093699692204,False,17.965500036875408,2,2013-Q2
2013-05-01 00:00:00+01:00,18.395999908447266,18.57200050354004,18.349000930786133,18.4689998626709,0,0.0,0.0,USD,ETB,USD/ETB,2013,5,1.105817387163155,5.302470657617153,0.11229090590393784,0.2779332287471068,False,18.04300006230672,2,2013-Q2
2013-06-01 00:00:00+01:00,18.4689998626709,18.666000366210938,18.30500030517578,18.62299919128418,0,0.0,0.0,USD,ETB,USD/ETB,2013,6,0.8338260315034152,6.398896847889302,0.17853801675148612,0.267986048582323,False,18.13633330663045,2,2013-Q2
2013-07-01 00:00:00+01:00,18.62299919128418,18.68400001525879,18.31599998474121,18.54400062561035,0,0.0,0.0,USD,ETB,USD/ETB,2013,7,-0.4241989427288373,4.792051995085034,0.07700831235798587,0.25268641571822426,False,18.207000096638996,3,2013-Q3
2013-08-01 00:00:00+01:00,18.608999252319336,18.702999114990234,18.43199920654297,18.697999954223633,0,0.0,0.0,USD,ETB,USD/ETB,2013,8,0.8304536422448106,5.003654671660107,0.07700831235798587,0.2553567840232432,False,18.28125015894572,3,2013-Q3
2013-09-01 00:00:00+01:00,18.67300033569336,18.756000518798828,18.479000091552734,18.701000213623047,0,0.0,0.0,USD,ETB,USD/ETB,2013,9,0.016045884087922957,4.19545498841063,0.08979018636609494,0.25852054349760795,False,18.344000180562336,3,2013-Q3
2013-10-01 00:00:00+01:00,18.736000061035156,18.8799991607666,18.55500030517578,18.8799991607666,0,0.0,0.0,USD,ETB,USD/ETB,2013,10,0.9571624249977706,4.871404147813108,0.10422198729732465,0.2766819019133416,False,18.417083422342937,4,2013-Q4
2013-11-01 00:00:00+00:00,18.801000595092773,18.993000030517578,18.731000900268555,18.902000427246094,0,0.0,0.0,USD,ETB,USD/ETB,2013,11,0.1165321369569261,4.801514542317742,0.11024651519942383,0.2811509654153311,False,18.48925018310547,4,2013-Q4
2013-12-01 00:00:00+00:00,18.902000427246094,19.1299991607666,18.780000686645508,18.874000549316406,0,0.0,0.0,USD,ETB,USD/ETB,2013,12,-0.14813182359961763,4.47249288861753,0.014742411777462553,0.26696803067288394,False,18.556583563486736,4,2013-Q4
2014-01-01 00:00:00+00:00,18.910999298095703,19.091999053955078,18.816999435424805,19.05699920654297,0,0.0,0.0,USD,ETB,USD/ETB,2014,1,0.9695806501033077,5.17107242777155,0.09857072189914581,0.2646848444595113,False,18.63466676076253,1,2014-Q1
2014-02-01 00:00:00+00:00,19.049999237060547,19.218000411987305,18.496000289916992,19.128000259399414,0,0.0,0.0,USD,ETB,USD/ETB,2014,2,0.37257205128111703,4.421877010900155,0.13105056961321565,0.2794579841370916,False,18.702166716257732,1,2014-Q1
2014-03-01 00:00:00+00:00,19.124000549316406,19.216999053955078,18.86199951171875,19.187000274658203,0,0.0,0.0,USD,ETB,USD/ETB,2014,3,0.3084484235606144,4.94448001879495,0.06509279148307212,0.2780331599145916,False,18.77749999364217,1,2014-Q1
2014-04-01 00:00:00+01:00,19.219999313354492,19.533000946044922,19.16699981689453,19.448999404907227,0,0.0,0.0,USD,ETB,USD/ETB,2014,4,1.3655033434020858,6.470680427587738,0.17086300431852736,0.28985911825551525,False,18.875999927520752,2,2014-Q2
2014-05-01 00:00:00+01:00,19.39299964904785,19.422000885009766,19.090999603271484,19.381999969482422,0,0.0,0.0,USD,ETB,USD/ETB,2014,5,-0.3444878270082108,4.943419316694331,0.13611107570658174,0.2931217995189398,False,18.952083269755047,2,2014-Q2
2014-06-01 00:00:00+01:00,19.354999542236328,19.44300079345703,19.350000381469727,19.405000686645508,0,0.0,0.0,USD,ETB,USD/ETB,2014,6,0.11867050458829187,4.199116841111805,0.034043708537514136,0.30015172079772484,False,19.017250061035156,2,2014-Q2
2014-07-01 00:00:00+01:00,19.34600067138672,19.642000198364258,19.34600067138672,19.586999893188477,0,0.0,0.0,USD,ETB,USD/ETB,2014,7,0.9378984803037005,5.624456602625871,0.11230740023982158,0.3016616855128472,False,19.104166666666668,3,2014-Q3
2014-08-01 00:00:00+01:00,19.586000442504883,19.767000198364258,0.09090899676084518,19.767000198364258,0,0.0,0.0,USD,ETB,USD/ETB,2014,8,0.9189784354794339,5.717190323872856,0.181000675657233,0.3275451756747475,False,19.19325002034505,3,2014-Q3
2014-09-01 00:00:00+01:00,19.77199935913086,20.0049991607666,19.636999130249023,19.718000411987305,0,0.0,0.0,USD,ETB,USD/ETB,2014,9,-0.24788681077165808,5.438212858921876,0.09306111330188303,0.32008615045922983,False,19.278000036875408,3,2014-Q3
2014-10-01 00:00:00+01:00,19.7189998626709,20.02400016784668,19.525999069213867,19.94499969482422,0,0.0,0.0,USD,ETB,USD/ETB,2014,10,1.1512287153565115,5.64089290994636,0.1194525527936027,0.3462751904061653,False,19.366750081380207,4,2014-Q4
2014-11-01 00:00:00+00:00,19.94499969482422,20.086999893188477,19.740999221801758,19.958999633789062,0,0.0,0.0,USD,ETB,USD/ETB,2014,11,0.07019272589148251,5.591996522332998,0.1352807559660873,0.35170169826108916,False,19.45483334859212,4,2014-Q4
2014-12-01 00:00:00+00:00,19.985000610351562,20.16200065612793,19.76799964904785,20.0,0,0.0,0.0,USD,ETB,USD/ETB,2014,12,0.20542295186742887,5.96587590289317,0.028583392293052772,0.3323222200057286,False,19.54866663614909,4,2014-Q4
2015-01-01 00:00:00+00:00,20.090999603271484,20.509000778198242,19.917999267578125,20.131000518798828,0,0.0,0.0,USD,ETB,USD/ETB,2015,1,0.6550025939941362,5.635731526331367,0.08983918076126203,0.3324935121249967,False,19.638166745503742,1,2015-Q1
2015-02-01 00:00:00+00:00,20.08300018310547,20.375999450683594,19.847999572753906,20.121000289916992,0,0.0,0.0,USD,ETB,USD/ETB,2015,2,-0.04967576684774544,5.191342623647355,0.07291800265051163,0.3171978053164529,False,19.720916748046875,1,2015-Q1
2015-03-01 00:00:00+00:00,20.22599983215332,20.381000518798828,19.611000061035156,20.201000213623047,0,0.0,0.0,USD,ETB,USD/ETB,2015,3,0.3975941680500972,5.284827875382447,0.04358889316890254,0.2964163638520647,False,19.805416742960613,1,2015-Q1
2015-04-01 00:00:00+01:00,20.197999954223633,20.406999588012695,19.891000747680664,20.29199981689453,0,0.0,0.0,USD,ETB,USD/ETB,2015,4,0.4504707802048147,4.334415331282315,0.08555870676040363,0.30406312583854156,False,19.87566677729289,2,2015-Q2
2015-05-01 00:00:00+01:00,20.256000518798828,20.698999404907227,20.091999053955078,20.341999053955078,0,0.0,0.0,USD,ETB,USD/ETB,2015,5,0.24639876558110174,4.953044505129522,0.07148604115160531,0.28824819656444545,False,19.955666700998943,2,2015-Q2
2015-06-01 00:00:00+01:00,20.35300064086914,20.927000045776367,20.113000869750977,20.524999618530273,0,0.0,0.0,USD,ETB,USD/ETB,2015,6,0.8996193741323211,5.771702614035701,0.12266352208634633,0.2747446796106774,False,20.048999945322674,2,2015-Q2
2015-07-01 00:00:00+01:00,20.606000900268555,20.69700050354004,20.393999099731445,20.628000259399414,0,0.0,0.0,USD,ETB,USD/ETB,2015,7,0.5018301719048601,5.314751477447821,0.14485339034687275,0.2799060768948706,False,20.135749975840252,3,2015-Q3
2015-08-01 00:00:00+01:00,20.62299919128418,20.7549991607666,20.351999282836914,20.618000030517578,0,0.0,0.0,USD,ETB,USD/ETB,2015,8,-0.048478906127991106,4.305154164078684,0.056801134417875106,0.28573035413735576,False,20.206666628519695,3,2015-Q3
2015-09-01 00:00:00+01:00,20.586000442504883,20.91200065612793,20.469999313354492,20.680999755859375,0,0.0,0.0,USD,ETB,USD/ETB,2015,9,0.30555691749223346,4.883859031094384,0.03385733942056192,0.27085332962363234,False,20.286916573842365,3,2015-Q3
2015-10-01 00:00:00+01:00,20.777000427246094,21.351999282836914,20.506000518798828,20.788000106811523,0,0.0,0.0,USD,ETB,USD/ETB,2015,10,0.5173848083520838,4.226625344126056,0.08594384449255904,0.28315327279205704,False,20.35716660817464,4,2015-Q4
2015-11-01 00:00:00+00:00,20.777000427246094,21.038999557495117,20.621999740600586,20.851999282836914,0,0.0,0.0,USD,ETB,USD/ETB,2015,11,0.3078659596717159,4.474170376435449,0.08639618805474909,0.28632498067492407,False,20.431583245595295,4,2015-Q4
2015-12-01 00:00:00+00:00,20.868999481201172,21.07699966430664,20.128999710083008,21.01799964904785,0,0.0,0.0,USD,ETB,USD/ETB,2015,12,0.7960884899299359,5.089998245239258,0.11870959350659788,0.29742252875399466,False,20.516416549682617,4,2015-Q4
2016-01-01 00:00:00+00:00,21.01799964904785,21.323999404907227,20.839000701904297,21.323999404907227,0,0.0,0.0,USD,ETB,USD/ETB,2016,1,1.4558938099194396,5.926177812147726,0.23943547753084726,0.3513742444188975,False,20.615833123524983,1,2016-Q1
2016-02-01 00:00:00+00:00,21.309999465942383,21.309999465942383,1.0,21.104000091552734,0,0.0,0.0,USD,ETB,USD/ETB,2016,2,-1.0316981780812862,4.88544201318033,0.15781403854615236,0.33992323473940034,False,20.697749773661297,1,2016-Q1
2016-03-01 00:00:00+00:00,21.110000610351562,21.360000610351562,20.709999084472656,21.34000015258789,0,0.0,0.0,USD,ETB,USD/ETB,2016,3,1.1182717021007704,5.638334374140208,0.13187857458749963,0.3475421770034116,False,20.7926664352417,1,2016-Q1
2016-04-01 00:00:00+01:00,21.240999221801758,21.454999923706055,21.18400001525879,21.229000091552734,0,0.0,0.0,USD,ETB,USD/ETB,2016,4,-0.5201502354333143,4.61758467924922,0.11806921865188792,0.3296274871917363,False,20.870749791463215,2,2016-Q2
2016-05-01 00:00:00+01:00,21.197999954223633,21.610000610351562,21.197999954223633,21.600000381469727,0,0.0,0.0,USD,ETB,USD/ETB,2016,5,1.7476107603608515,6.184256149938494,0.19042161453246595,0.3458251729067829,False,20.97558323542277,2,2016-Q2
2016-06-01 00:00:00+01:00,21.507999420166016,21.760000228881836,21.08799934387207,21.753999710083008,0,0.0,0.0,USD,ETB,USD/ETB,2016,6,0.7129598420998029,5.987820289376167,0.26987083570625775,0.3804999178712352,False,21.07799990971883,2,2016-Q2
2016-07-01 00:00:00+01:00,21.749000549316406,21.941999435424805,1.0,21.742000579833984,0,0.0,0.0,USD,ETB,USD/ETB,2016,7,-0.05515827162332343,5.4004280901003066,0.08565806896761022,0.39629682107074465,False,21.170833269755047,3,2016-Q3
2016-08-01 00:00:00+01:00,21.750999450683594,22.097999572753906,6.0,21.87700080871582,0,0.0,0.0,USD,ETB,USD/ETB,2016,8,0.6209190749771665,6.106318635826669,0.07471982243661623,0.4032279560958183,False,21.275750001271565,3,2016-Q3
2016-09-01 00:00:00+01:00,21.875999450683594,22.01799964904785,21.680999755859375,21.80699920654297,0,0.0,0.0,USD,ETB,USD/ETB,2016,9,-0.3199780572525457,5.444608403733353,0.06751556311814945,0.3827368267180162,False,21.369583288828533,3,2016-Q3
2016-10-01 00:00:00+01:00,22.010000228881836,22.149999618530273,21.79199981689453,21.996000289916992,0,0.0,0.0,USD,ETB,USD/ETB,2016,10,0.8666991803132351,5.81104568452282,0.09555322282151207,0.37464118048133926,False,21.470249970753986,4,2016-Q4
2016-11-01 00:00:00+00:00,22.003000259399414,22.408000946044922,21.95800018310547,22.290000915527344,0,0.0,0.0,USD,ETB,USD/ETB,2016,11,1.336609482339024,6.896229053077119,0.2433955724938507,0.3886284892177951,False,21.590083440144856,4,2016-Q4
2016-12-01 00:00:00+00:00,22.21500015258789,22.483999252319336,21.87299919128418,22.238000869750977,0,0.0,0.0,USD,ETB,USD/ETB,2016,12,-0.23328866595130338,5.804554387069816,0.15689946529545784,0.38492463004370453,False,21.691750208536785,4,2016-Q4
2017-01-01 00:00:00+00:00,22.238000869750977,22.486000061035156,21.902999877929688,22.288000106811523,0,0.0,0.0,USD,ETB,USD/ETB,2017,1,0.2248369237567438,4.520731236197917,0.029461646545112553,0.4014370233042943,False,21.77208360036214,1,2017-Q1
2017-02-01 00:00:00+00:00,22.284000396728516,22.610000610351562,22.17099952697754,22.5,0,0.0,0.0,USD,ETB,USD/ETB,2017,2,0.9511840101063429,6.6148592797156125,0.13909674251505932,0.3924044664929856,False,21.888416926066082,1,2017-Q1
2017-03-01 00:00:00+00:00,22.51799964904785,22.7450008392334,22.0,22.489999771118164,0,0.0,0.0,USD,ETB,USD/ETB,2017,3,-0.044445461697051325,5.388939129837889,0.11961592958967202,0.3866789389815043,False,21.98425022761027,1,2017-Q1
2017-04-01 00:00:00+01:00,22.461999893188477,22.809999465942383,22.29800033569336,22.760000228881836,0,0.0,0.0,USD,ETB,USD/ETB,2017,4,1.2005356181035154,7.211833485922425,0.15307970189245013,0.36690124983721434,False,22.111833572387695,2,2017-Q2
2017-05-01 00:00:00+01:00,22.73900032043457,22.90999984741211,2.0,22.731000900268555,0,0.0,0.0,USD,ETB,USD/ETB,2017,5,-0.12741356907580714,5.236113420484445,0.14822435275867962,0.3687299967146986,False,22.20608361562093,2,2017-Q2
2017-06-01 00:00:00+01:00,22.735000610351562,23.110000610351562,22.66699981689453,22.966999053955078,0,0.0,0.0,USD,ETB,USD/ETB,2017,6,1.038221566757902,5.575983083744562,0.12870159490411195,0.3985859564204971,False,22.307166894276936,2,2017-Q2
2017-07-01 00:00:00+01:00,22.9689998626709,23.224000930786133,22.691999435424805,22.905000686645508,0,0.0,0.0,USD,ETB,USD/ETB,2017,7,-0.2699454428674808,5.349094268216614,0.12234844485575264,0.3899716292118784,False,22.404083569844563,3,2017-Q3
2017-08-01 00:00:00+01:00,22.941999435424805,23.319000244140625,22.920000076293945,23.07200050354004,0,0.0,0.0,USD,ETB,USD/ETB,2017,8,0.7290976288505391,5.462356130407642,0.08441765297890645,0.39567564289422913,False,22.503666877746582,3,2017-Q3
2017-09-01 00:00:00+01:00,23.084999084472656,23.503999710083008,23.03499984741211,23.427000045776367,0,0.0,0.0,USD,ETB,USD/ETB,2017,9,1.5386595634906408,7.428811382481881,0.2665823652469144,0.41238215139357426,False,22.638666947682697,3,2017-Q3
2017-10-01 00:00:00+01:00,23.29800033569336,27.195999145507812,23.239999771118164,27.03700065612793,0,0.0,0.0,USD,ETB,USD/ETB,2017,10,15.409572729319244,22.917804599783274,2.1939065344626947,1.3033288852186473,True,23.05875031153361,4,2017-Q4
2017-11-01 00:00:00+00:00,27.058000564575195,27.55299949645996,26.792999267578125,26.826000213623047,0,0.0,0.0,USD,ETB,USD/ETB,2017,11,-0.7804136456869171,20.34992872044208,2.026072873586473,1.6671128209373482,False,23.436750253041584,4,2017-Q4
2017-12-01 00:00:00+00:00,26.788999557495117,27.301000595092773,26.788999557495117,27.15399932861328,0,0.0,0.0,USD,ETB,USD/ETB,2017,12,1.2226910921430134,22.106296728989005,0.16622940751413384,1.92917639681576,False,23.84641679128011,4,2017-Q4
2018-01-01 00:00:00+00:00,27.15399932861328,27.326000213623047,26.937000274658203,27.209999084472656,0,0.0,0.0,USD,ETB,USD/ETB,2018,1,0.20623023217196668,22.083627755174405,0.20743453782840116,2.0846870499018872,False,24.256583372751873,1,2018-Q1
2018-02-01 00:00:00+00:00,27.28499984741211,27.416000366210938,26.783000946044922,27.209999084472656,0,0.0,0.0,USD,ETB,USD/ETB,2018,2,0.0,20.93332926432292,0.032331474120051,2.1657147884876395,False,24.649083296457928,1,2018-Q1
2018-03-01 00:00:00+00:00,27.273000717163086,27.408000946044922,21.0,27.200000762939453,0,0.0,0.0,USD,ETB,USD/ETB,2018,3,-0.03674502708420624,20.942645797044037,0.005772533629126082,2.165648936307792,False,25.0415833791097,1,2018-Q1
2018-04-01 00:00:00+01:00,27.198999404907227,27.384000778198242,27.01799964904785,27.200000762939453,0,0.0,0.0,USD,ETB,USD/ETB,2018,4,0.0,19.507910761896106,0.005772533629126082,2.119192213274883,False,25.411583423614502,2,2018-Q2
2018-05-01 00:00:00+01:00,27.347000122070312,27.549999237060547,26.951000213623047,27.200000762939453,0,0.0,0.0,USD,ETB,USD/ETB,2018,5,0.0,19.660374315581052,0.0,1.9942944967841316,False,25.784000078837078,2,2018-Q2
2018-06-01 00:00:00+01:00,27.27400016784668,27.93199920654297,26.923999786376953,27.200000762939453,0,0.0,0.0,USD,ETB,USD/ETB,2018,6,0.0,18.43080020615677,0.0,1.8172328400981135,False,26.13675022125244,2,2018-Q2
2018-07-01 00:00:00+01:00,27.375,27.517000198364258,26.913000106811523,27.299999237060547,0,0.0,0.0,USD,ETB,USD/ETB,2018,7,0.36764143866254706,19.1879433253084,0.05773414595241403,1.5262837421363986,False,26.503000100453693,3,2018-Q3
2018-08-01 00:00:00+01:00,27.399999618530273,27.496000289916992,27.16699981689453,27.420000076293945,0,0.0,0.0,USD,ETB,USD/ETB,2018,8,0.4395635259597075,18.845351412361367,0.11015110388291577,1.092065115214612,False,26.865333398183186,3,2018-Q3
2018-09-01 00:00:00+01:00,27.490999221801758,27.707000732421875,1.0,27.533000946044922,0,0.0,0.0,USD,ETB,USD/ETB,2018,9,0.41211112121284366,17.526789141782672,0.11651837792874281,0.1751298576207966,False,27.207500139872234,3,2018-Q3
2018-10-01 00:00:00+01:00,27.308000564575195,27.7549991607666,27.308000564575195,27.700000762939453,0,0.0,0.0,USD,ETB,USD/ETB,2018,10,0.6065441875434896,2.452195475540875,0.14086549135568782,0.21621352352266096,False,27.262750148773193,4,2018-Q4
2018-11-01 00:00:00+00:00,27.70199966430664,27.871000289916992,27.47800064086914,27.729999542236328,0,0.0,0.0,USD,ETB,USD/ETB,2018,11,0.10829883924412531,3.3698625267072124,0.10614244556532675,0.2075181093861349,False,27.338083426157635,4,2018-Q4
2018-12-01 00:00:00+00:00,27.75,28.104999542236328,27.299999237060547,28.049999237060547,0,0.0,0.0,USD,ETB,USD/ETB,2018,12,1.1539837724729107,3.299697763132503,0.1939925528355937,0.2828004870348326,False,27.412750085194904,4,2018-Q4
2019-01-01 00:00:00+00:00,27.88599967956543,28.19099998474121,27.672000885009766,28.1299991607666,0,0.0,0.0,USD,ETB,USD/ETB,2019,1,0.2852047268520286,3.3811102802239423,0.21165990303037452,0.3414597265246745,False,27.489416758219402,1,2019-Q1
2019-02-01 00:00:00+00:00,27.93600082397461,28.3439998626709,27.83099937438965,28.25,0,0.0,0.0,USD,ETB,USD/ETB,2019,2,0.42659382443481775,3.8221277123115405,0.10066486840509592,0.3922917898790957,False,27.576083501180012,1,2019-Q1
2019-03-01 00:00:00+00:00,28.22599983215332,28.538000106811523,27.888999938964844,28.350000381469727,0,0.0,0.0,USD,ETB,USD/ETB,2019,3,0.35398365122027986,4.227939655417834,0.11015202738466413,0.4306572338613829,False,27.6719168027242,1,2019-Q1
2019-04-01 00:00:00+01:00,28.27899932861328,28.643999099731445,28.275999069213867,28.5,0,0.0,0.0,USD,ETB,USD/ETB,2019,4,0.529099176408887,4.779408825722609,0.12583054865794308,0.46341676204853754,False,27.780250072479248,2,2019-Q2
2019-05-01 00:00:00+01:00,28.52199935913086,28.72100067138672,28.29800033569336,28.709999084472656,0,0.0,0.0,USD,ETB,USD/ETB,2019,5,0.7368388928865155,5.551464261687111,0.18083075291664738,0.49543755702179165,False,27.90608326594035,2,2019-Q2
2019-06-01 00:00:00+01:00,28.690000534057617,28.871000289916992,28.402000427246094,28.649999618530273,0,0.0,0.0,USD,ETB,USD/ETB,2019,6,-0.20898456236744245,5.330877996027383,0.10816610448132523,0.48427012407837355,False,28.02691650390625,2,2019-Q2
2019-07-01 00:00:00+01:00,28.715999603271484,28.97800064086914,28.45400047302246,28.700000762939453,0,0.0,0.0,USD,ETB,USD/ETB,2019,7,0.17452406657918473,5.128210860820692,0.03214554606037135,0.4613215306813104,False,28.143583297729492,3,2019-Q3
2019-08-01 00:00:00+01:00,28.81999969482422,29.209999084472656,28.427000045776367,29.200000762939453,0,0.0,0.0,USD,ETB,USD/ETB,2019,8,1.742160232433343,6.491614448186711,0.30413850279482635,0.4926186748380348,False,28.291916688283283,3,2019-Q3
2019-09-01 00:00:00+01:00,29.10700035095215,29.291000366210938,28.881000518798828,29.174999237060547,0,0.0,0.0,USD,ETB,USD/ETB,2019,9,-0.08562166173172736,5.963746175846829,0.28173528554113725,0.49069584777753134,False,28.428749879201252,3,2019-Q3
2019-10-01 00:00:00+01:00,29.25200080871582,29.44499969482422,28.948999404907227,29.25,0,0.0,0.0,USD,ETB,USD/ETB,2019,10,0.2570720305081542,5.595664961620983,0.03818838052873498,0.48540282385833644,False,28.55791648228963,4,2019-Q4
2019-11-01 00:00:00+00:00,29.329484939575195,30.42349624633789,29.093629837036133,30.25,0,0.0,0.0,USD,ETB,USD/ETB,2019,11,3.418803418803429,9.0876325256529,0.6001738296474248,0.6208699830608084,True,28.767916520436604,4,2019-Q4
2019-12-01 00:00:00+00:00,30.370342254638672,31.728242874145508,30.188812255859375,31.5,0,0.0,0.0,USD,ETB,USD/ETB,2019,12,4.132231404958686,12.299468295104997,1.1273124382057262,0.9628213451465593,True,29.055416584014893,4,2019-Q4
2020-01-01 00:00:00+00:00,31.860078811645508,32.0,31.518863677978516,32.0,0,0.0,0.0,USD,ETB,USD/ETB,2020,1,1.5873015873015817,13.757557606439441,0.9013878188660012,1.234480859401139,False,29.377916653951008,1,2020-Q1
2020-02-01 00:00:00+00:00,31.56571388244629,32.34079360961914,31.392833709716797,32.15999984741211,0,0.0,0.0,USD,ETB,USD/ETB,2020,2,0.4999995231628418,13.840707424467634,0.34428664166068285,1.4128358200212816,False,29.703749974568684,1,2020-Q1
2020-03-01 00:00:00+00:00,31.909992218017578,33.04661560058594,31.700382232666016,32.68000030517578,0,0.0,0.0,USD,ETB,USD/ETB,2020,3,1.6169168539517775,15.273368132073294,0.35552797411866266,1.5788423661610707,False,30.06458330154419,1,2020-Q1
2020-04-01 00:00:00+01:00,32.64790344238281,33.467098236083984,32.28873825073242,33.400001525878906,0,0.0,0.0,USD,ETB,USD/ETB,2020,4,2.2031860892886668,17.192987810101435,0.6226832255768742,1.7605896386598645,False,30.4729167620341,2,2020-Q2
2020-05-01 00:00:00+01:00,32.774635314941406,34.080318450927734,32.685516357421875,34.029998779296875,0,0.0,0.0,USD,ETB,USD/ETB,2020,5,1.8862192354387686,18.53012840290007,0.6754990966262739,1.9372627200218866,False,30.916250069936115,2,2020-Q2
2020-06-01 00:00:00+01:00,34.02470016479492,34.99105453491211,33.41115188598633,34.70000076293945,0,0.0,0.0,USD,ETB,USD/ETB,2020,6,1.9688569135365208,21.116932722387038,0.6501021988576353,2.076131105101707,False,31.420416831970215,2,2020-Q2
2020-07-01 00:00:00+01:00,34.91582489013672,35.167518615722656,34.25,35.099998474121094,0,0.0,0.0,USD,ETB,USD/ETB,2020,7,1.152731130798279,22.299643000170267,0.5406477864499664,2.1349654159848406,False,31.953749974568684,3,2020-Q3
2020-08-01 00:00:00+01:00,34.520538330078125,36.01438522338867,34.520538330078125,35.93882751464844,0,0.0,0.0,USD,ETB,USD/ETB,2020,8,2.3898264301800642,23.078173204234574,0.6322346675262874,2.2289876092223593,False,32.515318870544434,3,2020-Q3
2020-09-01 00:00:00+01:00,35.813846588134766,36.890743255615234,35.599998474121094,36.54999923706055,0,0.0,0.0,USD,ETB,USD/ETB,2020,9,1.7005889303511657,25.278492520512753,0.727972898537811,2.240953565409035,False,33.12990220387777,3,2020-Q3
2020-10-01 00:00:00+01:00,36.67521286010742,37.89434051513672,36.55110168457031,37.87849044799805,0,0.0,0.0,USD,ETB,USD/ETB,2020,10,3.6347229512126766,29.499112642728377,0.9916914898986829,2.2669926739623696,True,33.84894307454427,4,2020-Q4
2020-11-01 00:00:00+00:00,37.8337516784668,38.0630989074707,36.900001525878906,36.900001525878906,0,0.0,0.0,USD,ETB,USD/ETB,2020,11,-2.5832310383711587,21.98347611860796,0.6885771646937594,2.114950461851053,False,34.403109868367515,4,2020-Q4
2020-12-01 00:00:00+00:00,38.171321868896484,39.19361114501953,37.73857879638672,37.900001525878906,0,0.0,0.0,USD,ETB,USD/ETB,2020,12,2.710026988206704,20.31746516152033,0.571241819369798,2.123248784561183,False,34.93644332885742,4,2020-Q4
2021-01-01 00:00:00+00:00,39.347251892089844,39.437896728515625,38.87944412231445,39.29999923706055,0,0.0,0.0,USD,ETB,USD/ETB,2021,1,3.693925210598459,22.81249761581421,1.2055415522349946,2.2475669218043244,True,35.544776598612465,1,2021-Q1
2021-02-01 00:00:00+00:00,39.225006103515625,40.15206527709961,39.14144515991211,40.11754608154297,0,0.0,0.0,USD,ETB,USD/ETB,2021,2,2.0802719092967825,24.743614029498183,1.1214484897215398,2.330504360760064,False,36.2079054514567,1,2021-Q1
2021-03-01 00:00:00+00:00,40.22286605834961,41.31259536743164,39.900001525878906,40.099998474121094,0,0.0,0.0,USD,ETB,USD/ETB,2021,3,-0.04374048050248547,22.705012544844294,0.46702775448340633,2.293429322646575,False,36.82623863220215,1,2021-Q1
2021-04-01 00:00:00+01:00,41.33319854736328,41.93257141113281,40.060001373291016,41.79999923706055,0,0.0,0.0,USD,ETB,USD/ETB,2021,4,4.239403560168631,25.149692597089192,0.9764697582816753,2.430435720153275,True,37.526238441467285,2,2021-Q2
2021-05-01 00:00:00+01:00,41.942935943603516,43.39083480834961,41.66871643066406,42.81999969482422,0,0.0,0.0,USD,ETB,USD/ETB,2021,5,2.4401925272269365,25.83015348468067,1.3740942573479302,2.599628221299216,False,38.25873851776123,2,2021-Q2
2021-06-01 00:00:00+01:00,43.177982330322266,43.977813720703125,42.81999969482422,43.54999923706055,0,0.0,0.0,USD,ETB,USD/ETB,2021,6,1.704809779166272,25.504317808468556,0.8789956641439708,2.7492922828414263,False,38.99623839060465,2,2021-Q2
2021-07-01 00:00:00+01:00,43.662227630615234,44.17149353027344,43.39654541015625,44.17149353027344,0,0.0,0.0,USD,ETB,USD/ETB,2021,7,1.4270822137787853,25.84471638322341,0.6764724773187659,2.826652378362469,False,39.752196311950684,3,2021-Q3
2021-08-01 00:00:00+01:00,44.136924743652344,45.499481201171875,44.0,45.44119644165039,0,0.0,0.0,USD,ETB,USD/ETB,2021,8,2.8744848994221694,26.44039770949358,0.9639352940164767,2.9876709785769147,False,40.544060389200844,3,2021-Q3
2021-09-01 00:00:00+01:00,45.58930969238281,46.7599983215332,45.060001373291016,46.0,0,0.0,0.0,USD,ETB,USD/ETB,2021,9,1.2297289730633487,25.854995787133838,0.93700256223549,3.0831039994631064,False,41.33156045277914,3,2021-Q3
2021-10-01 00:00:00+01:00,46.156192779541016,47.23630142211914,46.0152702331543,46.95000076293945,0,0.0,0.0,USD,ETB,USD/ETB,2021,10,2.065219049868383,23.948975282938846,0.7628076806935379,3.266167067364506,False,42.08751964569092,4,2021-Q4
2021-11-01 00:00:00+00:00,47.62176513671875,48.08346939086914,47.0,47.099998474121094,0,0.0,0.0,USD,ETB,USD/ETB,2021,11,0.31948393768725936,27.642267009362232,0.5965173098933028,3.117267529881251,False,42.93751939137777,4,2021-Q4
2021-12-01 00:00:00+00:00,48.1260986328125,49.38187026977539,47.11000061035156,49.0,0,0.0,0.0,USD,ETB,USD/ETB,2021,12,4.033973646353406,29.28759373938754,1.1427307924186692,3.1334052503038348,True,43.86251926422119,4,2021-Q4
2022-01-01 00:00:00+00:00,49.322696685791016,49.785003662109375,49.0,49.539615631103516,0,0.0,0.0,USD,ETB,USD/ETB,2022,1,1.101256390007177,26.05500405299459,1.2814654827134764,3.171977711022784,False,44.71582063039144,1,2022-Q1
2022-02-01 00:00:00+00:00,49.333927154541016,51.24091339111328,49.253753662109375,50.658145904541016,0,0.0,0.0,USD,ETB,USD/ETB,2022,2,2.257850124971972,26.274288565839022,0.8457484695693759,3.2415524111464946,False,45.59420394897461,1,2022-Q1
2022-03-01 00:00:00+00:00,51.02825927734375,51.6779899597168,50.689998626708984,50.900001525878906,0,0.0,0.0,USD,ETB,USD/ETB,2022,3,0.47742691134735615,26.93267696438366,0.7257471893243118,3.0723025272781235,False,46.49420420328776,1,2022-Q1
2022-04-01 00:00:00+01:00,51.26047134399414,51.842430114746094,50.90999984741211,51.29999923706055,0,0.0,0.0,USD,ETB,USD/ETB,2022,4,0.7858500966414939,22.727273142094106,0.3241573720149431,2.9751813286017468,False,47.28587086995443,2,2022-Q2
2022-05-01 00:00:00+01:00,51.52554702758789,51.97446823120117,50.90999984741211,51.68293380737305,0,0.0,0.0,USD,ETB,USD/ETB,2022,5,0.7464611618080763,20.698118112364483,0.3914971288733977,2.8637695070480174,False,48.02444871266683,2,2022-Q2
2022-06-01 00:00:00+01:00,51.553226470947266,52.31434631347656,51.14863586425781,51.885040283203125,0,0.0,0.0,USD,ETB,USD/ETB,2022,6,0.3910507027007126,19.13901536661693,0.2971416436607765,2.685093425593411,False,48.71903546651205,2,2022-Q2
2022-07-01 00:00:00+01:00,51.56076431274414,52.45249938964844,51.56076431274414,52.099998474121094,0,0.0,0.0,USD,ETB,USD/ETB,2022,7,0.414297049293344,17.949370306923782,0.20856533255590495,2.427481567930563,False,49.37974421183268,3,2022-Q3
2022-08-01 00:00:00+01:00,52.47815704345703,52.96131134033203,52.04999923706055,52.29999923706055,0,0.0,0.0,USD,ETB,USD/ETB,2022,8,0.3838786349270151,15.093798870849117,0.20752440113780488,2.2138982610805304,False,49.951311111450195,3,2022-Q3
2022-09-01 00:00:00+01:00,52.28505325317383,53.607643127441406,50.54999923706055,52.595394134521484,0,0.0,0.0,USD,ETB,USD/ETB,2022,9,0.5648086075909831,14.33781333591626,0.2492238989897622,1.946282723370304,False,50.50092728932699,3,2022-Q3
2022-10-01 00:00:00+01:00,51.992610931396484,53.466434478759766,51.992610931396484,52.801998138427734,0,0.0,0.0,USD,ETB,USD/ETB,2022,10,0.3928176740682465,12.464317956108806,0.2523047947919373,1.6922337554896802,False,50.98859373728434,4,2022-Q4
2022-11-01 00:00:00+00:00,53.33468246459961,53.77414321899414,51.96845245361328,53.0,0,0.0,0.0,USD,ETB,USD/ETB,2022,11,0.3749893347845923,12.526542923606755,0.20231817268677116,1.262175362928516,False,51.48026053110758,4,2022-Q4
2022-12-01 00:00:00+00:00,52.8570671081543,53.50297546386719,52.77362060546875,53.29999923706055,0,0.0,0.0,USD,ETB,USD/ETB,2022,12,0.566036296340644,8.775508647062335,0.250735376330828,1.0930722750716915,False,51.83859380086263,4,2022-Q4
2023-01-01 00:00:00+00:00,53.24531173706055,53.806732177734375,52.51188278198242,53.41297149658203,0,0.0,0.0,USD,ETB,USD/ETB,2023,1,0.21195546179846314,7.818703912281921,0.21342747817763671,0.9088454722070934,False,52.161373456319176,1,2023-Q1
2023-02-01 00:00:00+00:00,53.314334869384766,54.168174743652344,52.85792922973633,53.599998474121094,0,0.0,0.0,USD,ETB,USD/ETB,2023,2,0.3501527293815254,5.807264591016881,0.1515153259496573,0.862066325237326,False,52.406527837117515,1,2023-Q1
2023-03-01 00:00:00+00:00,53.68468475341797,54.14634704589844,52.85561752319336,53.810001373291016,0,0.0,0.0,USD,ETB,USD/ETB,2023,3,0.391796464828853,5.717091866750912,0.1986257078807656,0.8073065968493053,False,52.649027824401855,1,2023-Q1
2023-04-01 00:00:00+01:00,53.6450080871582,54.65574264526367,53.22959518432617,54.040000915527344,0,0.0,0.0,USD,ETB,USD/ETB,2023,4,0.42742898414138697,5.341133955587551,0.22007693939932452,0.7780206392108284,False,52.87736129760742,2,2023-Q2
2023-05-01 00:00:00+01:00,53.83099365234375,54.59374237060547,53.83099365234375,54.35953140258789,0,0.0,0.0,USD,ETB,USD/ETB,2023,5,0.5912851251798079,5.1788809149085235,0.2759778900229691,0.7880720951596663,False,53.10041109720866,2,2023-Q2
2023-06-01 00:00:00+01:00,54.01734924316406,55.04256057739258,53.97146987915039,54.470001220703125,0,0.0,0.0,USD,ETB,USD/ETB,2023,6,0.20322069610403393,4.98209295664136,0.22330979054776146,0.7788948777050404,False,53.31582450866699,2,2023-Q2
2023-07-01 00:00:00+01:00,55.04256057739258,55.64015197753906,54.19361877441406,54.3093376159668,0,0.0,0.0,USD,ETB,USD/ETB,2023,7,-0.2949579605943997,4.240574292805621,0.082194678271295,0.7246014534727299,False,53.4999361038208,3,2023-Q3
2023-08-01 00:00:00+01:00,55.100101470947266,55.207916259765625,54.477394104003906,55.0450439453125,0,0.0,0.0,USD,ETB,USD/ETB,2023,8,1.354658999062086,5.248651526378567,0.3868140664566666,0.7443783546484072,False,53.72868982950846,3,2023-Q3
2023-09-01 00:00:00+01:00,55.20213317871094,55.60600662231445,54.823036193847656,55.09000015258789,0,0.0,0.0,USD,ETB,USD/ETB,2023,9,0.08167167115000762,4.743012309568462,0.4383147384577426,0.7474385886332522,False,53.93657366434733,3,2023-Q3
2023-10-01 00:00:00+01:00,55.60600662231445,56.41092300415039,55.0860481262207,55.349998474121094,0,0.0,0.0,USD,ETB,USD/ETB,2023,10,0.47195193467610697,4.825575594721676,0.16462961074971605,0.7576753607123231,False,54.14890702565511,4,2023-Q4
2023-11-01 00:00:00+00:00,55.59113693237305,55.95221710205078,54.870330810546875,55.58000183105469,0,0.0,0.0,USD,ETB,USD/ETB,2023,11,0.4155435650845307,4.867927983122056,0.2451538008071533,0.7680042421535513,False,54.363907178243004,4,2023-Q4
2023-12-01 00:00:00+00:00,55.98756790161133,56.3966178894043,55.42665481567383,56.198272705078125,0,0.0,0.0,USD,ETB,USD/ETB,2023,12,1.1123980814228496,5.43766136867474,0.43869685599744196,0.853928534537446,False,54.60542996724447,4,2023-Q4
2024-01-01 00:00:00+00:00,56.27972412109375,56.615966796875,55.59437942504883,56.099998474121094,0,0.0,0.0,USD,ETB,USD/ETB,2024,1,-0.17487055424775244,5.030663717540995,0.33224318576817075,0.8650399368462035,False,54.82934888203939,1,2024-Q1
2024-02-01 00:00:00+00:00,56.08981704711914,56.97378158569336,55.98491668701172,56.390872955322266,0,0.0,0.0,USD,ETB,USD/ETB,2024,2,0.5184928504683439,5.206855523603515,0.14796432265832032,0.8795250952146609,False,55.06192175547282,1,2024-Q1
2024-03-01 00:00:00+00:00,56.29046630859375,56.888126373291016,56.05389404296875,56.52242660522461,0,0.0,0.0,USD,ETB,USD/ETB,2024,3,0.23328890476048691,5.040745517021916,0.2161634615147939,0.8770754024369768,False,55.287957191467285,1,2024-Q1
2024-04-01 00:00:00+01:00,56.57349395751953,57.29813766479492,56.26010513305664,56.810001373291016,0,0.0,0.0,USD,ETB,USD/ETB,2024,4,0.5087799398191928,5.1258334767491975,0.21434949684262394,0.8832630081515379,False,55.51879056294759,2,2024-Q2
2024-05-01 00:00:00+01:00,57.53592300415039,57.677825927734375,56.71214294433594,57.0,0,0.0,0.0,USD,ETB,USD/ETB,2024,5,0.33444573511014486,4.8574160396209765,0.24044232599422957,0.8970042237476981,False,55.738829612731934,2,2024-Q2
2024-06-01 00:00:00+01:00,57.19907760620117,57.99634552001953,56.75045394897461,57.502403259277344,0,0.0,0.0,USD,ETB,USD/ETB,2024,6,0.8814092268023543,5.567104774401321,0.3577543115978884,0.9334569357408029,False,55.99152978261312,2,2024-Q2
2024-07-01 00:00:00+01:00,57.30387878417969,79.13960266113281,56.94245529174805,57.45000076293945,0,0.0,0.0,USD,ETB,USD/ETB,2024,7,-0.0911309673468974,5.782915581075532,0.27618102251997634,0.8560027112181252,False,56.253251711527504,3,2024-Q3
2024-08-01 00:00:00+01:00,77.51920318603516,113.4172134399414,77.05000305175781,106.05000305175781,0,0.0,0.0,USD,ETB,USD/ETB,2024,8,84.59530312168393,92.66040219191936,28.04410934612835,14.363858277059473,True,60.50366497039795,3,2024-Q3
2024-09-01 00:00:00+01:00,110.09825134277344,119.56551361083984,79.5,115.25,0,0.0,0.0,USD,ETB,USD/ETB,2024,9,8.675150102307994,109.20312158428275,31.05758114139234,21.18270300214606,True,65.51699829101562,3,2024-Q3
2024-10-01 00:00:00+01:00,118.1339111328125,122.5303726196289,115.9000015258789,120.30000305175781,0,0.0,0.0,USD,ETB,USD/ETB,2024,10,4.3817813898115565,117.34418494700432,7.225014125365993,26.080371881122776,True,70.92949867248535,4,2024-Q4
2024-11-01 00:00:00+00:00,122.46561431884766,126.2325668334961,119.51294708251953,124.0999984741211,0,0.0,0.0,USD,ETB,USD/ETB,2024,11,3.158765856995349,123.28174592607093,4.4396878460970415,29.668302041436707,True,76.63949839274089,4,2024-Q4
2024-12-01 00:00:00+00:00,125.91646575927734,127.93213653564453,121.08131408691406,127.41146087646484,0,0.0,0.0,USD,ETB,USD/ETB,2024,12,2.6683823070588586,126.71775259909693,3.558524526745715,32.220304475756066,False,82.57393074035645,4,2024-Q4
2025-01-01 00:00:00+00:00,127.36731719970703,128.78045654296875,124.46455383300781,125.19999694824219,0,0.0,0.0,USD,ETB,USD/ETB,2025,1,-1.7356868157777705,123.17290615613277,1.6865325666899587,33.21806715489224,False,88.3322639465332,1,2025-Q1
2025-02-01 00:00:00+00:00,127.55087280273438,130.70233154296875,124.7690200805664,126.5,0,0.0,0.0,USD,ETB,USD/ETB,2025,2,1.038341120962838,124.32708232806445,1.1114061341183712,33.25487795112904,False,94.17469120025635,1,2025-Q1
2025-03-01 00:00:00+00:00,127.03771209716797,132.10162353515625,124.81380462646484,129.7547607421875,0,0.0,0.0,USD,ETB,USD/ETB,2025,3,2.572933393033594,129.5633229769964,2.3462505067340853,32.42626564273881,False,100.27738571166992,1,2025-Q1
2025-04-01 00:00:00+01:00,131.07408142089844,132.3941650390625,129.6999969482422,129.6999969482422,0,0.0,0.0,USD,ETB,USD/ETB,2025,4,-0.042205614369805744,128.30486501135715,1.8635292248299367,30.300945582379942,False,106.35155200958252,2,2025-Q2
